Song Name,Artists,Released Dates,Popularity,Duration,Album Type,valence,energy,danceability,acousticness,mood,Spotify URL,Cover Image
Best Hindi Motivational Poetry 2022,Kumar Rishi,2022-03-07,32,109898,single,0.44,0.37,0.3,0.77,Reflective / Spoken Word,https://open.spotify.com/search/Best%20Hindi%20Motivational%20Poetry%202022%20Kumar%20Rishi,https://i.scdn.co/image/ab67616d0000b27330e5ad50fda0ab24af437a77
Relation,Nikk,2019-08-30,46,165750,single,0.58,0.5,0.54,0.36,Happy / Upbeat,https://open.spotify.com/search/Relation%20Nikk,https://i.scdn.co/image/ab67616d0000b27353f89966a4fca501360b384e
Temporary pyar,Kaka,2021-09-04,59,245016,single,0.63,0.5,0.48,0.39,Happy / Upbeat,https://open.spotify.com/search/Temporary%20pyar%20Kaka,https://i.scdn.co/image/ab67616d0000b27393a9941be37b24ef10aa49f0
Distance Love,Zehr Vibe,2021-10-08,70,210681,single,0.57,0.45,0.49,0.33,Romantic / Warm,https://open.spotify.com/search/Distance%20Love%20Zehr%20Vibe,https://i.scdn.co/image/ab67616d0000b2736b3733e73fe3d3c903788915
Gal Karke,Inder Chahal,2019-04-15,64,173381,single,0.43,0.47,0.54,0.38,Intense / Angsty,https://open.spotify.com/search/Gal%20Karke%20Inder%20Chahal,https://i.scdn.co/image/ab67616d0000b2735b8b7844099b6160ff4a6a54
Udaarian,Satinder Sartaaj,2019-12-20,31,342648,compilation,0.57,0.45,0.44,0.61,Romantic / Warm,https://open.spotify.com/search/Udaarian%20Satinder%20Sartaaj,https://i.scdn.co/image/ab67616d0000b273ae86cf278f97a3e3352bab12
"Koi Vi Nahi,Dasi Na Mere Bare,Zindagi,Choorhey wali bah",Shirley Setia,2020-02-05,33,434000,single,0.52,0.47,0.42,0.32,Energetic / Party,https://open.spotify.com/search/Koi%20Vi%20Nahi%2CDasi%20Na%20Mere%20Bare%2CZindagi%2CChoorhey%20wali%20bah%20Shirley%20Setia,https://i.scdn.co/image/ab67616d0000b2738662dd7d918afbc3c9bd178d
Kaash,Nachhatar Gill,2019-12-20,19,213829,compilation,0.47,0.39,0.38,0.39,Melancholic / Heartbroken,https://open.spotify.com/search/Kaash%20Nachhatar%20Gill,https://i.scdn.co/image/ab67616d0000b273ae86cf278f97a3e3352bab12
Mob N Love,Prem Dhillon,2022-04-17,42,202422,single,0.54,0.46,0.61,0.35,Energetic / Party,https://open.spotify.com/search/Mob%20N%20Love%20Prem%20Dhillon,https://i.scdn.co/image/ab67616d0000b27351d1e7adbf74abce9795fff6
Mann Bharrya,B Praak,2019-10-22,52,276521,album,0.46,0.42,0.57,0.34,Melancholic / Heartbroken,https://open.spotify.com/search/Mann%20Bharrya%20B%20Praak,https://i.scdn.co/image/ab67616d0000b273f82faacdbdc9a8d269aec55c
Punjabi Valentine Mashup 2022,Sukh-E Muzical Doctorz,2022-02-14,36,290986,single,0.56,0.61,0.74,0.3,Happy / Upbeat,https://open.spotify.com/search/Punjabi%20Valentine%20Mashup%202022%20Sukh-E%20Muzical%20Doctorz,https://i.scdn.co/image/ab67616d0000b273bea487790d872591411addfb
In Love Again,Harman Hundal,2021-02-19,54,236129,single,0.52,0.56,0.62,0.38,Energetic / Party,https://open.spotify.com/search/In%20Love%20Again%20Harman%20Hundal,https://i.scdn.co/image/ab67616d0000b273e08201655340ee940826f336
"Zubaan (From ""Manje Bistre 2"")",Ricky Khan,2019-12-20,18,266866,compilation,0.45,0.33,0.54,0.4,Melancholic / Heartbroken,https://open.spotify.com/search/Zubaan%20%28From%20%22Manje%20Bistre%202%22%29%20Ricky%20Khan,https://i.scdn.co/image/ab67616d0000b273ae86cf278f97a3e3352bab12
Silent Love,Davy,2022-01-02,33,152307,single,0.49,0.39,0.6,0.48,Melancholic / Heartbroken,https://open.spotify.com/search/Silent%20Love%20Davy,https://i.scdn.co/image/ab67616d0000b273f61e9c48d60761414096d761
Silent Love,Namr Gill,2015-03-17,44,266370,single,0.44,0.43,0.59,0.37,Melancholic / Heartbroken,https://open.spotify.com/search/Silent%20Love%20Namr%20Gill,https://i.scdn.co/image/ab67616d0000b273ef3a03b0fdf24c33d5ca7983
Zindagi,Amrinder Gill,2016-03-07,45,170666,album,0.51,0.43,0.51,0.36,Mellow / Reflective,https://open.spotify.com/search/Zindagi%20Amrinder%20Gill,https://i.scdn.co/image/ab67616d0000b2739402b44bc7bdff9dfa8122d9
Ikk Munda 2 - Waiting For Love,Sheera Jasvir,2021-07-04,39,247884,single,0.66,0.45,0.58,0.35,Romantic / Warm,https://open.spotify.com/search/Ikk%20Munda%202%20-%20Waiting%20For%20Love%20Sheera%20Jasvir,https://i.scdn.co/image/ab67616d0000b2730c3255e6ffbb2a1cfab7dcb3
Vail (feat. Nimrat Khaira & Shree Brar),Mankirt Aulakh,2020-06-08,61,201453,single,0.49,0.4,0.41,0.52,Melancholic / Heartbroken,https://open.spotify.com/search/Vail%20%28feat.%20Nimrat%20Khaira%20%26%20Shree%20Brar%29%20Mankirt%20Aulakh,https://i.scdn.co/image/ab67616d0000b2735ee520df839a8e1958fd3c1b
Rabba Ve,B Praak,2019-05-06,51,210000,album,0.48,0.56,0.44,0.35,Intense / Angsty,https://open.spotify.com/search/Rabba%20Ve%20B%20Praak,https://i.scdn.co/image/ab67616d0000b273328a29d4ec6c76374c480c24
I Need Love,Harman Hundal,2022-03-04,38,179052,single,0.64,0.5,0.47,0.32,Happy / Upbeat,https://open.spotify.com/search/I%20Need%20Love%20Harman%20Hundal,https://i.scdn.co/image/ab67616d0000b273242ec8ebd257cc51f53c4ee8
Darling,Sucha Yaar,2021-11-19,45,139836,single,0.59,0.52,0.54,0.29,Happy / Upbeat,https://open.spotify.com/search/Darling%20Sucha%20Yaar,https://i.scdn.co/image/ab67616d0000b27375a0dff177d596ac666fc1e2
Breakup Mashup,Ammy Virk,2019-08-01,40,239880,single,0.52,0.59,0.56,0.31,Energetic / Party,https://open.spotify.com/search/Breakup%20Mashup%20Ammy%20Virk,https://i.scdn.co/image/ab67616d0000b27363885514c5d8d2e2634549b7
Romantic Love Mashup (Best of love music),Abhishek Rawal,2022-08-07,39,289123,single,0.52,0.63,0.7,0.31,Energetic / Party,https://open.spotify.com/search/Romantic%20Love%20Mashup%20%28Best%20of%20love%20music%29%20Abhishek%20Rawal,https://i.scdn.co/image/ab67616d0000b273357e00856edd412a59fe734f
Romantic Rewind,Akhil,2022-02-09,38,1084056,single,0.49,0.47,0.42,0.53,Intense / Angsty,https://open.spotify.com/search/Romantic%20Rewind%20Akhil,https://i.scdn.co/image/ab67616d0000b273aa442efd8bb9b3b9521d0549
"Bewafai Kar Gaya - From ""Lekh""",B Praak,2022-03-20,53,228000,single,0.47,0.5,0.55,0.48,Intense / Angsty,https://open.spotify.com/search/Bewafai%20Kar%20Gaya%20-%20From%20%22Lekh%22%20B%20Praak,https://i.scdn.co/image/ab67616d0000b273f69d3e2c88168c9cbfecbf58
Romantic Mashup,Miss Pooja,2020-02-13,38,251280,single,0.52,0.58,0.62,0.32,Energetic / Party,https://open.spotify.com/search/Romantic%20Mashup%20Miss%20Pooja,https://i.scdn.co/image/ab67616d0000b273bba7f019bc7fd87904517e2e
Pehla Valentine,Himmat Sandhu,2021-04-30,42,173048,single,0.64,0.5,0.53,0.35,Happy / Upbeat,https://open.spotify.com/search/Pehla%20Valentine%20Himmat%20Sandhu,https://i.scdn.co/image/ab67616d0000b27360a2c699fae9a68b80c189f1
Valentine Mashup 2022,Akhil,2022-02-14,35,249618,single,0.49,0.56,0.75,0.2,Intense / Angsty,https://open.spotify.com/search/Valentine%20Mashup%202022%20Akhil,https://i.scdn.co/image/ab67616d0000b273b067547333e57bd30cdb5736
Feelingaa,Kay Vee Singh,2019-12-23,36,171007,single,0.51,0.45,0.45,0.38,Mellow / Reflective,https://open.spotify.com/search/Feelingaa%20Kay%20Vee%20Singh,https://i.scdn.co/image/ab67616d0000b2736e1ab5f8852848ad2b90db6e
Love Like Me,Jassa Dhillon,2021-03-22,52,160000,album,0.64,0.44,0.57,0.38,Romantic / Warm,https://open.spotify.com/search/Love%20Like%20Me%20Jassa%20Dhillon,https://i.scdn.co/image/ab67616d0000b27362857f70b2c7244833dff65f
Beliya,B Praak,2022-03-25,58,226265,single,0.65,0.4,0.58,0.31,Romantic / Warm,https://open.spotify.com/search/Beliya%20B%20Praak,https://i.scdn.co/image/ab67616d0000b2730df4bf833ce0015716a81722
Soulmate,Akull,2021-09-07,37,184681,single,0.52,0.5,0.56,0.39,Energetic / Party,https://open.spotify.com/search/Soulmate%20Akull,https://i.scdn.co/image/ab67616d0000b273a71b5aafbfc9fb2d2ed9241a
"Pyar Karda - From ""Lover""",Jass Manak,2022-05-26,39,211224,single,0.61,0.49,0.54,0.35,Happy / Upbeat,https://open.spotify.com/search/Pyar%20Karda%20-%20From%20%22Lover%22%20Jass%20Manak,https://i.scdn.co/image/ab67616d0000b273c31a9ef87338c639a6444551
Daring Love,Varinder Brar,2019-11-01,41,242857,single,0.48,0.39,0.56,0.42,Melancholic / Heartbroken,https://open.spotify.com/search/Daring%20Love%20Varinder%20Brar,https://i.scdn.co/image/ab67616d0000b273e305d898ae14ec999434cb4e
Valentine Mashup 2020,B Praak,2020-02-11,27,185800,single,0.51,0.54,0.74,0.27,Energetic / Party,https://open.spotify.com/search/Valentine%20Mashup%202020%20B%20Praak,https://i.scdn.co/image/ab67616d0000b273981632dd129a2ae0a1cfe8a4
"Marke - From ""Lover""",Jass Manak,2022-06-27,36,166833,single,0.61,0.41,0.6,0.36,Romantic / Warm,https://open.spotify.com/search/Marke%20-%20From%20%22Lover%22%20Jass%20Manak,https://i.scdn.co/image/ab67616d0000b273914b03f4b65228bb80d6f980
Love Mix Remix Mashup,Prabh Gill,2022-04-09,25,285094,single,0.61,0.86,0.95,0.07,Happy / Upbeat,https://open.spotify.com/search/Love%20Mix%20Remix%20Mashup%20Prabh%20Gill,https://i.scdn.co/image/ab67616d0000b273db403ca729ff11cff27db840
The Ultimate Love Mashup - DJ Kiran Kamath,Jaani,2022-02-08,32,307573,single,0.61,0.85,0.95,0.05,Happy / Upbeat,https://open.spotify.com/search/The%20Ultimate%20Love%20Mashup%20-%20DJ%20Kiran%20Kamath%20Jaani,https://i.scdn.co/image/ab67616d0000b273d01d9e4587fb7038eceffca1
Bewafai Kar Gaya,B Praak,2022-03-25,39,228000,single,0.4,0.37,0.54,0.45,Melancholic / Heartbroken,https://open.spotify.com/search/Bewafai%20Kar%20Gaya%20B%20Praak,https://i.scdn.co/image/ab67616d0000b2730df4bf833ce0015716a81722
Bewafaai,B Praak,2019-10-22,29,322285,album,0.44,0.39,0.43,0.43,Melancholic / Heartbroken,https://open.spotify.com/search/Bewafaai%20B%20Praak,https://i.scdn.co/image/ab67616d0000b273f82faacdbdc9a8d269aec55c
Chaal,Lovie Virk,2021-01-06,47,210658,single,0.58,0.4,0.59,0.38,Romantic / Warm,https://open.spotify.com/search/Chaal%20Lovie%20Virk,https://i.scdn.co/image/ab67616d0000b27314e14a6503fc604ae8c67ddd
Love Forever,Lakhi Ghuman,2021-11-24,37,183079,single,0.65,0.43,0.5,0.41,Romantic / Warm,https://open.spotify.com/search/Love%20Forever%20Lakhi%20Ghuman,https://i.scdn.co/image/ab67616d0000b273778bcaa30b3668cc50892016
Proposal,Mehtab Virk,2013-06-20,42,273407,album,0.51,0.41,0.52,0.42,Mellow / Reflective,https://open.spotify.com/search/Proposal%20Mehtab%20Virk,https://i.scdn.co/image/ab67616d0000b273fc41f00a5aa81b288e15a99e
Fuck Love,Real Boss,2022-03-15,40,162905,single,0.47,0.48,0.59,0.43,Intense / Angsty,https://open.spotify.com/search/Fuck%20Love%20Real%20Boss,https://i.scdn.co/image/ab67616d0000b27366b43c623661b09087895ea4
Paagla,Akhil,2021-06-26,46,223783,single,0.46,0.4,0.49,0.4,Melancholic / Heartbroken,https://open.spotify.com/search/Paagla%20Akhil,https://i.scdn.co/image/ab67616d0000b273ea87a23a8b8c939acceb5a35
Kasam,Hashmat Sultana,2022-06-29,36,230522,compilation,0.58,0.38,0.52,0.3,Romantic / Warm,https://open.spotify.com/search/Kasam%20Hashmat%20Sultana,https://i.scdn.co/image/ab67616d0000b2733a8be0cae8dd8c150c626d2d
Heerey,Amrinder Gill,2016-03-07,44,204978,album,0.44,0.43,0.42,0.39,Melancholic / Heartbroken,https://open.spotify.com/search/Heerey%20Amrinder%20Gill,https://i.scdn.co/image/ab67616d0000b2739402b44bc7bdff9dfa8122d9
"Rabb Khair Kare (From ""Daana Paani"" Soundtrack)",Prabh Gill,2018-04-19,46,184000,single,0.45,0.44,0.5,0.49,Melancholic / Heartbroken,https://open.spotify.com/search/Rabb%20Khair%20Kare%20%28From%20%22Daana%20Paani%22%20Soundtrack%29%20Prabh%20Gill,https://i.scdn.co/image/ab67616d0000b2735c30005b07efd927287a1bea
Ishqaa,Akhil,2019-02-13,35,321004,album,0.57,0.39,0.52,0.37,Romantic / Warm,https://open.spotify.com/search/Ishqaa%20Akhil,https://i.scdn.co/image/ab67616d0000b273fdf60edf667e751276524fde
Pyar Paun to Pehlan,Labh Heera,2020-07-18,37,256765,album,0.5,0.5,0.54,0.39,Energetic / Party,https://open.spotify.com/search/Pyar%20Paun%20to%20Pehlan%20Labh%20Heera,https://i.scdn.co/image/ab67616d0000b27303a6d19fa3b5e0f47b23f29c
True Love,Rupal J,2019-12-20,11,274311,compilation,0.58,0.47,0.48,0.3,Happy / Upbeat,https://open.spotify.com/search/True%20Love%20Rupal%20J,https://i.scdn.co/image/ab67616d0000b273ae86cf278f97a3e3352bab12
Intense Love,Jack Love,2022-09-14,36,133053,single,0.62,0.43,0.57,0.33,Romantic / Warm,https://open.spotify.com/search/Intense%20Love%20Jack%20Love,https://i.scdn.co/image/ab67616d0000b273c4ca87612c74d9fd45fd5aee
Intense Love,Chandra Brar,2022-02-01,33,164651,single,0.58,0.52,0.54,0.38,Happy / Upbeat,https://open.spotify.com/search/Intense%20Love%20Chandra%20Brar,https://i.scdn.co/image/ab67616d0000b2731a4d6d007730d4620e3b16e3
"Kahani (From ""Kahani"")",Lo Jill,2014-04-24,11,194595,compilation,0.41,0.39,0.46,0.36,Melancholic / Heartbroken,https://open.spotify.com/search/Kahani%20%28From%20%22Kahani%22%29%20Lo%20Jill,https://i.scdn.co/image/ab67616d0000b273ce9ec0de8ce8721afa7a5a4c
Love,Garry Sandhu,2017-11-21,22,225241,single,0.61,0.39,0.56,0.39,Romantic / Warm,https://open.spotify.com/search/Love%20Garry%20Sandhu,https://i.scdn.co/image/ab67616d0000b273de48ccb0c5c22b8b914bb7ce
Punjab Bolda,Ranjit Bawa,2020-12-08,35,307788,single,0.48,0.42,0.44,0.37,Melancholic / Heartbroken,https://open.spotify.com/search/Punjab%20Bolda%20Ranjit%20Bawa,https://i.scdn.co/image/ab67616d0000b2731bdf59d464c4243a81a22414
"Dil Taan Pagal-Je Tu Na (From ""T-Series Mixtape Punjabi"")",Akhil Sachdeva,2019-09-03,33,291503,compilation,0.43,0.65,0.63,0.21,Intense / Angsty,https://open.spotify.com/search/Dil%20Taan%20Pagal-Je%20Tu%20Na%20%28From%20%22T-Series%20Mixtape%20Punjabi%22%29%20Akhil%20Sachdeva,https://i.scdn.co/image/ab67616d0000b273dc9563139ebc2a5597254664
"She Don’T Know-Akh Lad Jaave (From ""T-Series Mixtape Punjabi Season 2"")",Dhvani Bhanushali,2019-11-28,33,215360,single,0.54,0.64,0.71,0.23,Energetic / Party,https://open.spotify.com/search/She%20Don%E2%80%99T%20Know-Akh%20Lad%20Jaave%20%28From%20%22T-Series%20Mixtape%20Punjabi%20Season%202%22%29%20Dhvani%20Bhanushali,https://i.scdn.co/image/ab67616d0000b273c15e263457dcfac5d896f356
Chosen,Sidhu Moose Wala,2019-12-20,26,264019,compilation,0.58,0.39,0.43,0.3,Romantic / Warm,https://open.spotify.com/search/Chosen%20Sidhu%20Moose%20Wala,https://i.scdn.co/image/ab67616d0000b273ae86cf278f97a3e3352bab12
Tera Love Letter Sajna,Lovely Nirman,2000-06-30,31,313096,album,0.55,0.43,0.46,0.29,Mellow / Reflective,https://open.spotify.com/search/Tera%20Love%20Letter%20Sajna%20Lovely%20Nirman,https://i.scdn.co/image/ab67616d0000b27303f35f17fafef1c88aed368a
Jattiye Ni,Jordan Sandhu,2019-12-20,23,181812,compilation,0.45,0.38,0.48,0.31,Melancholic / Heartbroken,https://open.spotify.com/search/Jattiye%20Ni%20Jordan%20Sandhu,https://i.scdn.co/image/ab67616d0000b273ae86cf278f97a3e3352bab12
Pagal,Slow Vibe,2022-12-22,30,262500,single,0.54,0.43,0.43,0.38,Mellow / Reflective,https://open.spotify.com/search/Pagal%20Slow%20Vibe,https://i.scdn.co/image/ab67616d0000b273bdaae0af9e7b3d3d46c3b703
Baazi Dil Di,Himmat Sandhu,2019-12-20,18,203572,compilation,0.43,0.38,0.47,0.31,Melancholic / Heartbroken,https://open.spotify.com/search/Baazi%20Dil%20Di%20Himmat%20Sandhu,https://i.scdn.co/image/ab67616d0000b273ae86cf278f97a3e3352bab12
Dream love,Sagar Chawla,2024-04-19,31,188976,single,0.64,0.48,0.55,0.41,Happy / Upbeat,https://open.spotify.com/search/Dream%20love%20Sagar%20Chawla,https://i.scdn.co/image/ab67616d0000b273cbe3062e344f9d44ea7636e0
ALMOST LOVE (An Audio Story),Anmol Gurung,2020-06-09,23,2972133,single,0.57,0.36,0.47,0.43,Romantic / Warm,https://open.spotify.com/search/ALMOST%20LOVE%20%28An%20Audio%20Story%29%20Anmol%20Gurung,https://i.scdn.co/image/ab67616d0000b2737680239c2614ea3478dc4c83
love,Arham Chaudhry,2023-09-07,31,193541,single,0.59,0.37,0.48,0.3,Romantic / Warm,https://open.spotify.com/search/love%20Arham%20Chaudhry,https://i.scdn.co/image/ab67616d0000b273455a78646fe0b04f1e34688d
Possessive Lofi,Jass Manak,2022-09-28,30,239280,album,0.42,0.43,0.44,0.36,Melancholic / Heartbroken,https://open.spotify.com/search/Possessive%20Lofi%20Jass%20Manak,https://i.scdn.co/image/ab67616d0000b2731f089fbbf2562f4218435b74
Gallan Ch Romance,Kay Vee Singh,2021-04-01,25,178039,single,0.57,0.41,0.4,0.32,Romantic / Warm,https://open.spotify.com/search/Gallan%20Ch%20Romance%20Kay%20Vee%20Singh,https://i.scdn.co/image/ab67616d0000b273d4d18e94bab80131fa660232
Dreams,Akaal,2020-10-09,28,173437,single,0.48,0.4,0.57,0.29,Melancholic / Heartbroken,https://open.spotify.com/search/Dreams%20Akaal,https://i.scdn.co/image/ab67616d0000b273c365980e2761468acadadeb0
Moments of Love Mashup - Valentine’s 2019,Atif Aslam,2019-02-14,29,196997,single,0.64,0.56,0.61,0.21,Happy / Upbeat,https://open.spotify.com/search/Moments%20of%20Love%20Mashup%20-%20Valentine%E2%80%99s%202019%20Atif%20Aslam,https://i.scdn.co/image/ab67616d0000b2732b295e00c92e9f4f827f4e52
Pyar Ki Kashti Mein - Lofi,Alka Yagnik,2022-09-15,26,249004,album,0.5,0.51,0.46,0.36,Energetic / Party,https://open.spotify.com/search/Pyar%20Ki%20Kashti%20Mein%20-%20Lofi%20Alka%20Yagnik,https://i.scdn.co/image/ab67616d0000b273a2510c37bba7157460305ded
Mera Rabb,Shahid Mallya,2019-12-20,13,318772,compilation,0.5,0.35,0.52,0.28,Mellow / Reflective,https://open.spotify.com/search/Mera%20Rabb%20Shahid%20Mallya,https://i.scdn.co/image/ab67616d0000b273ae86cf278f97a3e3352bab12
Rab Varga Si Tera Yaar,Durga Rangila,2015-04-09,29,308798,compilation,0.42,0.43,0.47,0.33,Melancholic / Heartbroken,https://open.spotify.com/search/Rab%20Varga%20Si%20Tera%20Yaar%20Durga%20Rangila,https://i.scdn.co/image/ab67616d0000b2732219d873cbc5d7ae3f10a583
Life Remix,Akhil,2018-01-02,28,159216,single,0.54,0.51,0.63,0.18,Energetic / Party,https://open.spotify.com/search/Life%20Remix%20Akhil,https://i.scdn.co/image/ab67616d0000b273e3a93afb0e93d10b4832a8a8
Khaab,Akhil,2016-12-25,25,201689,compilation,0.48,0.42,0.45,0.41,Melancholic / Heartbroken,https://open.spotify.com/search/Khaab%20Akhil,https://i.scdn.co/image/ab67616d0000b273526e3cf9d0e9956d287c7f01
Best Love,SK Kundesh Shah,2022-04-01,11,230684,single,0.64,0.35,0.45,0.42,Romantic / Warm,https://open.spotify.com/search/Best%20Love%20SK%20Kundesh%20Shah,https://i.scdn.co/image/ab67616d0000b2734de8e1a5407a30217c321d64
Pyaar Manga Hai,Armaan Malik,2017-07-20,27,286152,compilation,0.5,0.35,0.48,0.29,Mellow / Reflective,https://open.spotify.com/search/Pyaar%20Manga%20Hai%20Armaan%20Malik,https://i.scdn.co/image/ab67616d0000b2733f334dbf565ef4b341d36fd4
Mittha Lara,Ekam Sudhar,2019-12-20,10,200646,compilation,0.44,0.36,0.46,0.3,Melancholic / Heartbroken,https://open.spotify.com/search/Mittha%20Lara%20Ekam%20Sudhar,https://i.scdn.co/image/ab67616d0000b273ae86cf278f97a3e3352bab12
Phulkari,Ranjit Bawa,2019-12-20,17,244035,compilation,0.56,0.39,0.38,0.39,Romantic / Warm,https://open.spotify.com/search/Phulkari%20Ranjit%20Bawa,https://i.scdn.co/image/ab67616d0000b273ae86cf278f97a3e3352bab12
Pure Love,GKhan,2021-09-13,18,236842,single,0.63,0.48,0.47,0.41,Happy / Upbeat,https://open.spotify.com/search/Pure%20Love%20GKhan,https://i.scdn.co/image/ab67616d0000b27358aaa16806543d3d26820aff
Nit Khair Mangan,Nusrat Fateh Ali Khan,2018-08-08,23,911895,album,0.45,0.22,0.17,0.9,Soulful / Devotional,https://open.spotify.com/search/Nit%20Khair%20Mangan%20Nusrat%20Fateh%20Ali%20Khan,https://i.scdn.co/image/ab67616d0000b2738a525d665cea953b5c61e0a1
Romantic Punjab Urban Jatti Love,Amit Walia Thakur,2020-06-15,12,242053,single,0.52,0.35,0.57,0.36,Mellow / Reflective,https://open.spotify.com/search/Romantic%20Punjab%20Urban%20Jatti%20Love%20Amit%20Walia%20Thakur,https://i.scdn.co/image/ab67616d0000b2731c4939f7e527303cb6a00142
"Sharara (From ""Sharara"")",Shivjot,2022-04-15,11,208282,compilation,0.59,0.45,0.54,0.38,Romantic / Warm,https://open.spotify.com/search/Sharara%20%28From%20%22Sharara%22%29%20Shivjot,https://i.scdn.co/image/ab67616d0000b2735df2659df08c48209ea8044a
Robo,Gagan Kokri,2019-12-20,9,213733,compilation,0.45,0.24,0.4,0.43,Melancholic / Heartbroken,https://open.spotify.com/search/Robo%20Gagan%20Kokri,https://i.scdn.co/image/ab67616d0000b273ae86cf278f97a3e3352bab12
Romantic Love Mashup By DJ Dalal,Shahid Mallya,2020-08-04,18,261317,single,0.49,0.79,0.88,0.2,Intense / Angsty,https://open.spotify.com/search/Romantic%20Love%20Mashup%20By%20DJ%20Dalal%20Shahid%20Mallya,https://i.scdn.co/image/ab67616d0000b273700330d5e1f5fa8b84670273
Feel,Romey Maan,2018-12-14,25,166363,single,0.54,0.4,0.55,0.41,Mellow / Reflective,https://open.spotify.com/search/Feel%20Romey%20Maan,https://i.scdn.co/image/ab67616d0000b273c4927464b77466dc5565fb15
Top 5 Valentine's Hits,Nimrat Khaira,2022-02-09,10,413245,single,0.49,0.36,0.41,0.28,Melancholic / Heartbroken,https://open.spotify.com/search/Top%205%20Valentine%27s%20Hits%20Nimrat%20Khaira,https://i.scdn.co/image/ab67616d0000b2737e749b974f13b8eda427e73c
"Naina (From ""Manje Bistre 2 "")",Karamjit Anmol,2019-12-20,14,266083,compilation,0.56,0.46,0.52,0.34,Happy / Upbeat,https://open.spotify.com/search/Naina%20%28From%20%22Manje%20Bistre%202%20%22%29%20Karamjit%20Anmol,https://i.scdn.co/image/ab67616d0000b273ae86cf278f97a3e3352bab12
Heere Moti,Kadir Thind,2020-04-26,22,224720,single,0.53,0.47,0.42,0.41,Energetic / Party,https://open.spotify.com/search/Heere%20Moti%20Kadir%20Thind,https://i.scdn.co/image/ab67616d0000b2738b04986ab5e8c1b22a68ca38
Love Marriage,Harf Cheema,2019,20,213781,single,0.51,0.39,0.51,0.36,Mellow / Reflective,https://open.spotify.com/search/Love%20Marriage%20Harf%20Cheema,https://i.scdn.co/image/ab67616d0000b27339932d45243fe15554eae45f
Love Story,Ravneet Singh,2018-03-21,18,149665,single,0.58,0.53,0.46,0.31,Happy / Upbeat,https://open.spotify.com/search/Love%20Story%20Ravneet%20Singh,https://i.scdn.co/image/ab67616d0000b273e5012d54337356a603a632c9
Love Marriage,Nav Dolorain,2020-04-27,20,207586,single,0.56,0.37,0.51,0.28,Romantic / Warm,https://open.spotify.com/search/Love%20Marriage%20Nav%20Dolorain,https://i.scdn.co/image/ab67616d0000b2738db7cda9f5fafcbf65a30b52
Love Song,Kamal Khan,2018-11-24,15,176470,single,0.54,0.33,0.53,0.3,Mellow / Reflective,https://open.spotify.com/search/Love%20Song%20Kamal%20Khan,https://i.scdn.co/image/ab67616d0000b273bff23e2ff600e68c53d39722
Valentine's Special,Jass Manak,2020-07-01,24,185418,single,0.56,0.45,0.45,0.35,Romantic / Warm,https://open.spotify.com/search/Valentine%27s%20Special%20Jass%20Manak,https://i.scdn.co/image/ab67616d0000b273ce25d4be9d2c2ddc2694e6e1
"Punjabi Love Mashup, Vol. 02",Venkat's Music,2020-11-18,5,190641,album,0.51,0.59,0.56,0.28,Energetic / Party,https://open.spotify.com/search/Punjabi%20Love%20Mashup%2C%20Vol.%2002%20Venkat%27s%20Music,https://i.scdn.co/image/ab67616d0000b273a4deda6ed91f1c4c290f56e5
Love,Surjit Bhullar,2013-03-13,19,245300,album,0.58,0.49,0.53,0.41,Happy / Upbeat,https://open.spotify.com/search/Love%20Surjit%20Bhullar,https://i.scdn.co/image/ab67616d0000b273efe6e92dcc008d19ac37464b
Gallan Chaandi Diyan,Nimrat Khaira,2021-12-03,20,161290,album,0.54,0.35,0.51,0.4,Mellow / Reflective,https://open.spotify.com/search/Gallan%20Chaandi%20Diyan%20Nimrat%20Khaira,https://i.scdn.co/image/ab67616d0000b273b106a8643f5f1ee6155dc384
In Love,Gursanj,2022-02-14,18,151394,single,0.5,0.33,0.52,0.39,Mellow / Reflective,https://open.spotify.com/search/In%20Love%20Gursanj,https://i.scdn.co/image/ab67616d0000b2733e8ec32368ce4b1c51b33804
Dawn of Love,Kanwar Grewal,2018-05-03,17,502000,single,0.51,0.34,0.3,0.72,Soulful / Devotional,https://open.spotify.com/search/Dawn%20of%20Love%20Kanwar%20Grewal,https://i.scdn.co/image/ab67616d0000b273b0f729d2c87413f13a569a1a
Relationship,Khushi Pandher,2023-05-25,19,223902,single,0.52,0.34,0.52,0.29,Mellow / Reflective,https://open.spotify.com/search/Relationship%20Khushi%20Pandher,https://i.scdn.co/image/ab67616d0000b27370f1cef23896d383070ebb32
Deep Love,Ndee Kundu,2021-05-31,21,179571,single,0.58,0.35,0.51,0.36,Romantic / Warm,https://open.spotify.com/search/Deep%20Love%20Ndee%20Kundu,https://i.scdn.co/image/ab67616d0000b2733edb7021d498bdbc630101a1
Nit Khair Manga,Rahat Fateh Ali Khan,2018-12-26,24,228265,compilation,0.46,0.28,0.24,0.71,Soulful / Devotional,https://open.spotify.com/search/Nit%20Khair%20Manga%20Rahat%20Fateh%20Ali%20Khan,https://i.scdn.co/image/ab67616d0000b273723d1f74873cdbb853e0f594
Love Life,JA$$A,2022-02-14,24,159000,single,0.57,0.42,0.56,0.34,Romantic / Warm,https://open.spotify.com/search/Love%20Life%20JA%24%24A,https://i.scdn.co/image/ab67616d0000b273cd38aab6e4d4c8427588166d
Punjab,Harf Cheema,2021-12-11,19,300000,single,0.48,0.48,0.48,0.34,Intense / Angsty,https://open.spotify.com/search/Punjab%20Harf%20Cheema,https://i.scdn.co/image/ab67616d0000b273130d2b6cd070aa9fac242abb
"Guzaara (From ""Guzaara"") (feat. Mr. Vgrooves)",Gurpreet Chattha,2015-02-13,19,382500,compilation,0.53,0.42,0.5,0.41,Mellow / Reflective,https://open.spotify.com/search/Guzaara%20%28From%20%22Guzaara%22%29%20%28feat.%20Mr.%20Vgrooves%29%20Gurpreet%20Chattha,https://i.scdn.co/image/ab67616d0000b27354834f2d9913ae6bdf5a31f0
"Gallan Chaandi Diyan (From ""Teeja Punjab"")",Nimrat Khaira,2021-11-23,19,161290,single,0.46,0.41,0.47,0.34,Melancholic / Heartbroken,https://open.spotify.com/search/Gallan%20Chaandi%20Diyan%20%28From%20%22Teeja%20Punjab%22%29%20Nimrat%20Khaira,https://i.scdn.co/image/ab67616d0000b273b84cb76b8e6706080f280d78
Sadi Kadey Hoor Hundi Si,Durga Rangila,2015-04-09,20,398198,compilation,0.52,0.38,0.38,0.35,Mellow / Reflective,https://open.spotify.com/search/Sadi%20Kadey%20Hoor%20Hundi%20Si%20Durga%20Rangila,https://i.scdn.co/image/ab67616d0000b2732219d873cbc5d7ae3f10a583
Limitless Love,Intiyaj Sogan,2022-02-24,17,319622,single,0.59,0.44,0.46,0.39,Romantic / Warm,https://open.spotify.com/search/Limitless%20Love%20Intiyaj%20Sogan,https://i.scdn.co/image/ab67616d0000b273527d430ababf8eb4cd45b2fb
Real Talk,Love Brar,2023-06-30,22,240047,single,0.46,0.43,0.46,0.41,Melancholic / Heartbroken,https://open.spotify.com/search/Real%20Talk%20Love%20Brar,https://i.scdn.co/image/ab67616d0000b273d343f79a6bdbf3bd932cae76
"Chahtaan-Dard (From ""T-Series Mixtape Punjabi Season 2"")",Palak Muchhal,2019-12-19,19,236114,single,0.43,0.49,0.58,0.27,Intense / Angsty,https://open.spotify.com/search/Chahtaan-Dard%20%28From%20%22T-Series%20Mixtape%20Punjabi%20Season%202%22%29%20Palak%20Muchhal,https://i.scdn.co/image/ab67616d0000b27329416eb692d3f9b2f021b6fe
"Impress 2 (From ""Impress 2"")",Ranjit Bawa,2022-04-15,2,208085,compilation,0.57,0.42,0.39,0.3,Romantic / Warm,https://open.spotify.com/search/Impress%202%20%28From%20%22Impress%202%22%29%20Ranjit%20Bawa,https://i.scdn.co/image/ab67616d0000b2735df2659df08c48209ea8044a
Pyar De Mareez,Satinder Sartaaj,2019-12-20,12,260911,compilation,0.64,0.29,0.38,0.63,Romantic / Warm,https://open.spotify.com/search/Pyar%20De%20Mareez%20Satinder%20Sartaaj,https://i.scdn.co/image/ab67616d0000b273ae86cf278f97a3e3352bab12
"Marjaani-Lovely (From ""T-Series Mixtape Punjabi"")",Sukhwinder Singh,2017-12-30,21,198403,single,0.58,0.53,0.64,0.24,Happy / Upbeat,https://open.spotify.com/search/Marjaani-Lovely%20%28From%20%22T-Series%20Mixtape%20Punjabi%22%29%20Sukhwinder%20Singh,https://i.scdn.co/image/ab67616d0000b273206b7724591e5561a9608d45
Dill Tutda,Jassie Gill,2019-10-22,16,240576,album,0.41,0.29,0.46,0.37,Melancholic / Heartbroken,https://open.spotify.com/search/Dill%20Tutda%20Jassie%20Gill,https://i.scdn.co/image/ab67616d0000b273f82faacdbdc9a8d269aec55c
"Mukde Jaane Aa (From ""Gall Dil Te Laggi"")",Sabar Koti,2014-02-28,16,360000,album,0.57,0.47,0.42,0.41,Happy / Upbeat,https://open.spotify.com/search/Mukde%20Jaane%20Aa%20%28From%20%22Gall%20Dil%20Te%20Laggi%22%29%20Sabar%20Koti,https://i.scdn.co/image/ab67616d0000b27354b3172f6fdf4f2a438ce332
Akhiyan De Taare,Kapil Sharma,2016-03-07,21,186421,album,0.5,0.48,0.53,0.33,Energetic / Party,https://open.spotify.com/search/Akhiyan%20De%20Taare%20Kapil%20Sharma,https://i.scdn.co/image/ab67616d0000b2739402b44bc7bdff9dfa8122d9
Prohna,Love Brar,2023-06-30,16,220728,single,0.48,0.35,0.43,0.4,Melancholic / Heartbroken,https://open.spotify.com/search/Prohna%20Love%20Brar,https://i.scdn.co/image/ab67616d0000b273e99a0a239592988e50cf974b
"Punjabi Love Mashup, Vol. 01",Venkat's Music,2020-11-18,4,301792,album,0.58,0.53,0.61,0.19,Happy / Upbeat,https://open.spotify.com/search/Punjabi%20Love%20Mashup%2C%20Vol.%2001%20Venkat%27s%20Music,https://i.scdn.co/image/ab67616d0000b273a4deda6ed91f1c4c290f56e5
"Kaun Tujhe (From ""M.S.Dhoni - The Untold Story"")",Palak Muchhal,2016-12-31,15,241448,compilation,0.54,0.37,0.46,0.35,Mellow / Reflective,https://open.spotify.com/search/Kaun%20Tujhe%20%28From%20%22M.S.Dhoni%20-%20The%20Untold%20Story%22%29%20Palak%20Muchhal,https://i.scdn.co/image/ab67616d0000b273e924dbd569c39531f5f9de88
Valentine Day,A Kay,2019-02-12,15,152000,single,0.49,0.46,0.43,0.33,Intense / Angsty,https://open.spotify.com/search/Valentine%20Day%20A%20Kay,https://i.scdn.co/image/ab67616d0000b2731a47a57933c9e166bd010404
Gal Sun (Punjabi Version),Akhil Sachdeva,2020-07-13,19,220010,single,0.44,0.36,0.42,0.32,Melancholic / Heartbroken,https://open.spotify.com/search/Gal%20Sun%20%28Punjabi%20Version%29%20Akhil%20Sachdeva,https://i.scdn.co/image/ab67616d0000b273d280d62c4d5b557619a1f6dc
Zindagi,Prabh Gill,2014-03-15,8,207404,compilation,0.53,0.45,0.41,0.32,Mellow / Reflective,https://open.spotify.com/search/Zindagi%20Prabh%20Gill,https://i.scdn.co/image/ab67616d0000b27388f2bfb86cd7e7b6097b09ea
"Gal Theek Nai (From ""Sat Shri Akaal England"")",Jyoti Nooran,2019-06-15,21,297560,compilation,0.41,0.33,0.48,0.37,Melancholic / Heartbroken,https://open.spotify.com/search/Gal%20Theek%20Nai%20%28From%20%22Sat%20Shri%20Akaal%20England%22%29%20Jyoti%20Nooran,https://i.scdn.co/image/ab67616d0000b2739f69e617e9fe4b68664815ea
Mera Dil Bhi Kitna Pagal Hai,Mangesh Sawant,2015-12-28,19,370966,album,0.5,0.41,0.55,0.33,Mellow / Reflective,https://open.spotify.com/search/Mera%20Dil%20Bhi%20Kitna%20Pagal%20Hai%20Mangesh%20Sawant,https://i.scdn.co/image/ab67616d0000b2734717da41756b998c5845e337
"Ik Saal (From ""Shayar"")",Jassi Gill,2015-06-04,16,308266,compilation,0.47,0.44,0.42,0.33,Melancholic / Heartbroken,https://open.spotify.com/search/Ik%20Saal%20%28From%20%22Shayar%22%29%20Jassi%20Gill,https://i.scdn.co/image/ab67616d0000b27376902cd1d00305352fbf8e44
Lost In Love,Akhil,2021-12-21,5,167005,single,0.51,0.35,0.47,0.41,Mellow / Reflective,https://open.spotify.com/search/Lost%20In%20Love%20Akhil,https://i.scdn.co/image/ab67616d0000b2733d3611db752dd9a4f155e2a1
Happy,Pharrell Williams,2013-11-21,23,297392,single,0.91,0.73,0.73,0.07,Happy / Upbeat,https://open.spotify.com/track/v5iFlbCBFNOgmBjMtpsiaO,https://via.placeholder.com/150
Can't Stop the Feeling!,Justin Timberlake,2016-05-06,30,303013,single,0.87,0.79,0.91,0.19,Happy / Upbeat,https://open.spotify.com/track/bVRJN9wVGFYGW2WmQzCudi,https://via.placeholder.com/150
Walking on Sunshine,Katrina and the Waves,1985-09-01,90,282141,single,0.8,0.95,0.67,0.09,Happy / Upbeat,https://open.spotify.com/track/43XkMtECqOxSF2O3GYRdo1,https://via.placeholder.com/150
Good as Hell,Lizzo,2016-07-22,92,138717,single,0.85,0.81,0.71,0.08,Happy / Upbeat,https://open.spotify.com/track/moKiuPKdYR7osjOrU1xxDO,https://via.placeholder.com/150
Shake It Off,Taylor Swift,2014-08-18,82,308196,single,0.94,0.92,0.77,0.04,Happy / Upbeat,https://open.spotify.com/track/UNpfZ46pdJQIPvjiQvlb5l,https://via.placeholder.com/150
Dancing Queen,ABBA,1976-08-15,21,318123,single,0.86,0.77,0.95,0.14,Happy / Upbeat,https://open.spotify.com/track/D3HJoKyrbmEYYmdhQj38Ar,https://via.placeholder.com/150
September,"Earth, Wind & Fire",1978-11-18,92,209174,single,0.92,0.89,0.81,0.08,Happy / Upbeat,https://open.spotify.com/track/HSbKdA9u4uQgwLg6G3oT1o,https://via.placeholder.com/150
Best Day of My Life,American Authors,2013-07-01,77,120149,single,0.88,0.77,0.76,0.06,Happy / Upbeat,https://open.spotify.com/track/mUfBH7X41zTPDP4k8FFuf0,https://via.placeholder.com/150
Firework,Katy Perry,2010-10-26,70,264127,single,0.79,0.91,0.88,0.05,Happy / Upbeat,https://open.spotify.com/track/KQh3mb9N7iwusMtTZqpXc5,https://via.placeholder.com/150
Cheerleader,OMI,2014-10-06,85,265207,single,0.88,0.75,0.72,0.1,Happy / Upbeat,https://open.spotify.com/track/OlOAEtoDOE5C3VEgPRqfNi,https://via.placeholder.com/150
24K Magic,Bruno Mars,2016-10-07,70,226708,single,0.81,0.95,0.82,0.13,Happy / Upbeat,https://open.spotify.com/track/MGGqbWbad3uDrppGDZuVz3,https://via.placeholder.com/150
Don't Stop Me Now,Queen,1979-01-26,33,193018,single,0.8,0.77,0.81,0.05,Happy / Upbeat,https://open.spotify.com/track/dP37Ecz32jGDpi1AF7w2PK,https://via.placeholder.com/150
I Wanna Dance with Somebody (Who Loves Me),Whitney Houston,1987-05-04,31,219345,single,0.86,0.84,0.91,0.23,Happy / Upbeat,https://open.spotify.com/track/AYQ7yydSbs9uyjqtfJMSN9,https://via.placeholder.com/150
"Signed, Sealed, Delivered I'm Yours",Stevie Wonder,1970-08-29,16,273138,single,0.79,0.9,0.67,0.09,Happy / Upbeat,https://open.spotify.com/track/eg62hKD9gF2LEmEr3PZH84,https://via.placeholder.com/150
Mr. Blue Sky,Electric Light Orchestra,1977-10-21,94,273006,single,0.89,0.86,0.66,0.04,Happy / Upbeat,https://open.spotify.com/track/khU7QNqtUPQZIqpTdU7w7E,https://via.placeholder.com/150
Lovely Day,Bill Withers,1977-11-01,78,175877,single,0.78,0.88,0.82,0.04,Happy / Upbeat,https://open.spotify.com/track/gQI7W4E4PXSKc1itTnzphA,https://via.placeholder.com/150
Three Little Birds,Bob Marley & The Wailers,1977-06-10,27,189328,single,0.91,0.86,0.93,0.04,Happy / Upbeat,https://open.spotify.com/track/H4GvjJRSmNtVNro2QgfQ56,https://via.placeholder.com/150
Uptown Funk,Mark Ronson ft. Bruno Mars,2014-11-10,10,207439,single,0.95,0.74,0.78,0.08,Happy / Upbeat,https://open.spotify.com/track/xIoQKvcjtbjAHE84s5JiC1,https://via.placeholder.com/150
I Gotta Feeling,The Black Eyed Peas,2009-06-16,56,328698,single,0.85,0.86,0.78,0.03,Happy / Upbeat,https://open.spotify.com/track/3C5WNrPqGWxj43anvJ77P3,https://via.placeholder.com/150
Sugar,Maroon 5,2015-01-13,32,313085,single,0.81,0.92,0.7,0.11,Happy / Upbeat,https://open.spotify.com/track/7Vy7azq3vzPRKysGY3C2eO,https://via.placeholder.com/150
Better When I'm Dancin',Meghan Trainor,2015-10-23,39,178438,single,0.82,0.95,0.75,0.21,Happy / Upbeat,https://open.spotify.com/track/BqMZVR3E9xRWpgZr1iV8BH,https://via.placeholder.com/150
Sunny,Boney M.,1976-01-01,14,148417,single,0.96,0.79,0.82,0.25,Happy / Upbeat,https://open.spotify.com/track/mbWuyUbmgHY5kMQCtbAh7z,https://via.placeholder.com/150
Perfect,Ed Sheeran,2017-09-26,56,233062,single,0.73,0.39,0.46,0.64,Romantic / Warm,https://open.spotify.com/track/E8q6VnUq2Hu5TgTqaUZsSj,https://via.placeholder.com/150
All of Me,John Legend,2013-08-12,32,281353,single,0.59,0.29,0.53,0.64,Romantic / Warm,https://open.spotify.com/track/kTZj1ATSNbylmpUdccrNge,https://via.placeholder.com/150
Thinking Out Loud,Ed Sheeran,2014-09-24,46,255122,single,0.81,0.47,0.46,0.63,Romantic / Warm,https://open.spotify.com/track/qonVF08wPrTOzMJBCPen2x,https://via.placeholder.com/150
At Last,Etta James,1961-01-01,59,249598,album,0.57,0.29,0.42,0.43,Romantic / Warm,https://open.spotify.com/track/ZPJpsA5w3x4GxbOLz9shdD,https://via.placeholder.com/150
Can't Help Falling in Love,Elvis Presley,1961-11-01,69,295001,single,0.73,0.45,0.24,0.41,Romantic / Warm,https://open.spotify.com/track/hjmU8w5cn0u5gb16jc5Kv3,https://via.placeholder.com/150
Just the Way You Are,Bruno Mars,2010-07-20,76,247034,single,0.71,0.24,0.29,0.62,Romantic / Warm,https://open.spotify.com/track/oPRcEtSPRVU5iFIJOYsJtN,https://via.placeholder.com/150
A Thousand Years,Christina Perri,2011-10-04,36,230138,single,0.57,0.28,0.39,0.53,Romantic / Warm,https://open.spotify.com/track/Y5xl8sB24wkYeA8WTwY259,https://via.placeholder.com/150
Make You Feel My Love,Adele,2008-11-24,38,247986,album,0.83,0.33,0.46,0.69,Romantic / Warm,https://open.spotify.com/track/ORbfBYVqrzZuK1d6IniB6Z,https://via.placeholder.com/150
Marry Me,Train,2010-05-18,69,167639,single,0.75,0.37,0.23,0.53,Romantic / Warm,https://open.spotify.com/track/DQYUNdUVw4YRw81aQ1FeBv,https://via.placeholder.com/150
Lucky,Jason Mraz & Colbie Caillat,2008-11-25,93,130553,single,0.73,0.48,0.32,0.63,Romantic / Warm,https://open.spotify.com/track/wB8PM1BnJPIeqHk8NdsQxX,https://via.placeholder.com/150
You Are the Sunshine of My Life,Stevie Wonder,1973-03-03,30,201536,single,0.61,0.35,0.46,0.4,Romantic / Warm,https://open.spotify.com/track/GlB7Tkr69YZ8tMEls1oPGs,https://via.placeholder.com/150
Best Part,Daniel Caesar ft. H.E.R.,2017-01-27,82,325163,album,0.8,0.43,0.41,0.4,Romantic / Warm,https://open.spotify.com/track/CWibqXEgpVA2a0fGb9Xo51,https://via.placeholder.com/150
Say You Won't Let Go,James Arthur,2016-10-21,93,190800,single,0.7,0.2,0.26,0.57,Romantic / Warm,https://open.spotify.com/track/nz6ixedb0ulRU2P17FR4cP,https://via.placeholder.com/150
I Don't Want to Miss a Thing,Aerosmith,1998-08-18,73,205200,single,0.8,0.34,0.43,0.49,Romantic / Warm,https://open.spotify.com/track/LfNWzQVR4ms4RjAh8MFPua,https://via.placeholder.com/150
Endless Love,Diana Ross & Lionel Richie,1981-06-01,72,237486,single,0.71,0.4,0.44,0.63,Romantic / Warm,https://open.spotify.com/track/yBFSOZsPTqlXejhWbvjVWs,https://via.placeholder.com/150
Unchained Melody,The Righteous Brothers,1965-06-01,50,151340,single,0.7,0.25,0.28,0.66,Romantic / Warm,https://open.spotify.com/track/vi8wsLMNveRulwhmSG1MSO,https://via.placeholder.com/150
Adorn,Miguel,2012-09-18,15,134293,single,0.67,0.25,0.45,0.4,Romantic / Warm,https://open.spotify.com/track/jSs8Io3wfG3AkSeecVL9DQ,https://via.placeholder.com/150
La Vie en Rose,Edith Piaf,1947-01-01,19,271262,single,0.86,0.31,0.49,0.52,Romantic / Warm,https://open.spotify.com/track/orDJJzk8TFPHjwammynOxh,https://via.placeholder.com/150
Stay With Me,Sam Smith,2014-04-11,64,200053,single,0.68,0.45,0.3,0.6,Romantic / Warm,https://open.spotify.com/track/knDn9vG8wNoNQqFKPLjEKA,https://via.placeholder.com/150
Crazy Love,Van Morrison,1970-02-01,46,305324,album,0.68,0.38,0.36,0.36,Romantic / Warm,https://open.spotify.com/track/Ss3dErO7Qyyolqz7MbHiOp,https://via.placeholder.com/150
Wonderful Tonight,Eric Clapton,1977-11-25,49,275987,album,0.6,0.24,0.25,0.38,Romantic / Warm,https://open.spotify.com/track/v0k6ScHdsTsZ8RgifcFmC4,https://via.placeholder.com/150
Songbird,Fleetwood Mac,1977-02-04,83,273910,album,0.69,0.26,0.29,0.39,Romantic / Warm,https://open.spotify.com/track/8Bwr0RkCwwLehpc6RLlbo0,https://via.placeholder.com/150
The Sound of Silence,Simon & Garfunkel,1965-09-01,95,147420,single,0.42,0.07,0.14,0.65,Mellow / Reflective,https://open.spotify.com/track/2KVasfSq8Z0wjCdFUQUHxZ,https://via.placeholder.com/150
Skinny Love,Bon Iver,2007-07-08,69,228330,album,0.52,0.24,0.05,0.89,Mellow / Reflective,https://open.spotify.com/track/DMhXnwfocwDNRjI7Sc4sfH,https://via.placeholder.com/150
Fix You,Coldplay,2005-07-25,49,264399,single,0.31,0.19,0.27,0.82,Mellow / Reflective,https://open.spotify.com/track/AjaFO16Hd8Hp1Jf7tSgtRa,https://via.placeholder.com/150
Landslide,Fleetwood Mac,1975-01-01,59,169967,album,0.51,0.28,0.12,0.75,Mellow / Reflective,https://open.spotify.com/track/6mgv4I3ERxy2aV7ygR0ASu,https://via.placeholder.com/150
Both Sides Now,Joni Mitchell,1969-04-01,29,237059,single,0.37,0.18,0.32,0.72,Mellow / Reflective,https://open.spotify.com/track/ieWVjwiYd7U3MsPkYO2xaC,https://via.placeholder.com/150
Breathe Me,Sia,2004-07-19,94,327721,single,0.38,0.16,0.3,0.67,Mellow / Reflective,https://open.spotify.com/track/0pJf9CIg9lV3G32cGh6dAu,https://via.placeholder.com/150
Vienna,Billy Joel,1977-09-01,43,208751,album,0.34,0.25,0.31,0.53,Mellow / Reflective,https://open.spotify.com/track/nsZpF2V2r2iY9Uot4wf3iC,https://via.placeholder.com/150
Slow Dancing in a Burning Room,John Mayer,2006-09-12,39,315760,album,0.45,0.1,0.23,0.63,Mellow / Reflective,https://open.spotify.com/track/FbGwot3GcKsT5BCUyDSWXb,https://via.placeholder.com/150
Fast Car,Tracy Chapman,1988-04-05,31,165893,single,0.34,0.17,0.2,0.86,Mellow / Reflective,https://open.spotify.com/track/Fn3YnrPf6lJOdoQdQqA5zd,https://via.placeholder.com/150
Mad World,Gary Jules,2001-01-01,54,274028,single,0.53,0.21,0.09,0.7,Mellow / Reflective,https://open.spotify.com/track/To9bsQd2TMY2eGPYkWkSsS,https://via.placeholder.com/150
Angel,Sarah McLachlan,1998-03-01,16,278965,single,0.31,0.24,0.16,0.5,Mellow / Reflective,https://open.spotify.com/track/vf155SxzOmzWOoMnQrwuxq,https://via.placeholder.com/150
Wonderwall,Oasis,1995-10-30,15,200984,single,0.47,0.08,0.08,0.78,Mellow / Reflective,https://open.spotify.com/track/ycClXuIF6SUvaLMIyi4Xhg,https://via.placeholder.com/150
To Build a Home,The Cinematic Orchestra,2007-05-14,71,197369,album,0.53,0.24,0.12,0.87,Mellow / Reflective,https://open.spotify.com/track/v3VzHd9EJw9O3rurZ92zjX,https://via.placeholder.com/150
Fake Plastic Trees,Radiohead,1995-05-22,57,296377,single,0.32,0.14,0.12,0.56,Mellow / Reflective,https://open.spotify.com/track/vrQlY0o8XGrOeBn48jU6nO,https://via.placeholder.com/150
The Night We Met,Lord Huron,2015-05-05,93,227032,album,0.46,0.2,0.18,0.82,Mellow / Reflective,https://open.spotify.com/track/HIC8CTfHGP4iIYdXq8vs8i,https://via.placeholder.com/150
I Will Follow You into the Dark,Death Cab for Cutie,2005-10-11,22,248279,album,0.4,0.22,0.09,0.69,Mellow / Reflective,https://open.spotify.com/track/na88RCsXNcc8P2XGrXi5pW,https://via.placeholder.com/150
Hurt,Johnny Cash,2002-11-01,68,144031,single,0.32,0.11,0.31,0.93,Mellow / Reflective,https://open.spotify.com/track/qNpomBDyVPIykNE1wjNlN0,https://via.placeholder.com/150
Tears in Heaven,Eric Clapton,1992-01-09,10,192685,single,0.52,0.13,0.09,0.91,Mellow / Reflective,https://open.spotify.com/track/2JIiQzLHq3BIAWyyPlUBLQ,https://via.placeholder.com/150
Everybody Hurts,R.E.M.,1993-04-27,70,237512,single,0.31,0.22,0.19,0.84,Mellow / Reflective,https://open.spotify.com/track/xXglGcgO8nCuy63qhTdp9B,https://via.placeholder.com/150
Hallelujah,Jeff Buckley,1994-08-23,72,306751,album,0.32,0.16,0.16,0.81,Mellow / Reflective,https://open.spotify.com/track/6cE5FUmJEIRnoljtUYmhSd,https://via.placeholder.com/150
Yesterday,The Beatles,1965-09-13,93,290633,single,0.43,0.15,0.26,0.55,Mellow / Reflective,https://open.spotify.com/track/4xju3Nbc4OaV0dZauGUbUq,https://via.placeholder.com/150
Levitating,Dua Lipa,2020-10-01,21,142377,single,0.63,0.98,0.91,0.08,Energetic / Party,https://open.spotify.com/track/FbGvvXzIjDl9jjVqHaW3q8,https://via.placeholder.com/150
Blinding Lights,The Weeknd,2019-11-29,86,201906,single,0.8,0.96,0.92,0.15,Energetic / Party,https://open.spotify.com/track/WGkgNJqeO2GW2jXHwRkOzb,https://via.placeholder.com/150
Don't Start Now,Dua Lipa,2019-10-31,92,265945,single,0.83,0.99,0.94,0.1,Energetic / Party,https://open.spotify.com/track/Bm7q1sRBLRswT6VWAL3Jkq,https://via.placeholder.com/150
Physical,Dua Lipa,2020-01-30,77,176395,single,0.68,0.83,0.9,0.01,Energetic / Party,https://open.spotify.com/track/YadVKXTuUx8kmF4DJKwnDr,https://via.placeholder.com/150
Dance Monkey,Tones and I,2019-05-10,63,191609,single,0.58,0.88,0.85,0.09,Energetic / Party,https://open.spotify.com/track/NwgHWbHSrrlfhqTCOZmDAN,https://via.placeholder.com/150
Titanium,David Guetta ft. Sia,2011-08-26,51,151453,single,0.65,0.84,0.78,0.05,Energetic / Party,https://open.spotify.com/track/AfvbLIYitOgj1qzWEZ3vCb,https://via.placeholder.com/150
Turn Down for What,DJ Snake & Lil Jon,2013-11-01,83,226017,single,0.56,0.98,0.95,0.09,Energetic / Party,https://open.spotify.com/track/toaSHZB9UKz8nd1s6XFb2G,https://via.placeholder.com/150
Party Rock Anthem,LMFAO,2011-01-25,49,315508,single,0.63,0.91,0.87,0.07,Energetic / Party,https://open.spotify.com/track/VOVxKEgoHhgM5xWWu90p0J,https://via.placeholder.com/150
Timber,Pitbull ft. Kesha,2013-10-15,93,139753,single,0.63,0.83,0.8,0.09,Energetic / Party,https://open.spotify.com/track/L8xofdwkwlcr74kponU3oU,https://via.placeholder.com/150
I Like It,"Cardi B, Bad Bunny & J Balvin",2018-06-29,45,275037,single,0.6,0.81,0.85,0.05,Energetic / Party,https://open.spotify.com/track/DWgETdcCDX1SEp32FnmgYd,https://via.placeholder.com/150
Can't Feel My Face,The Weeknd,2015-06-08,83,290875,single,0.74,0.98,0.92,0.02,Energetic / Party,https://open.spotify.com/track/MUmegJ9DcGz51VtFgpLCPt,https://via.placeholder.com/150
Shut Up and Dance,Walk the Moon,2014-12-23,57,194158,single,0.69,0.88,0.87,0.03,Energetic / Party,https://open.spotify.com/track/YaxVrmDyopVEVGjrYSQu2q,https://via.placeholder.com/150
Get Lucky,Daft Punk ft. Pharrell Williams,2013-04-19,94,157074,single,0.87,0.91,0.78,0.02,Energetic / Party,https://open.spotify.com/track/6WT9psqZImt8FTjYpyV0Iq,https://via.placeholder.com/150
One More Time,Daft Punk,2000-11-19,21,289351,single,0.78,0.98,0.98,0.14,Energetic / Party,https://open.spotify.com/track/qbgXBXTL8NV8xfMOIJES2y,https://via.placeholder.com/150
Rock Your Body,Justin Timberlake,2002-11-05,14,293520,single,0.58,0.95,0.94,0.13,Energetic / Party,https://open.spotify.com/track/V4xnImYJKL1sxnz5KucCaX,https://via.placeholder.com/150
Hey Ya!,OutKast,2003-09-09,67,181342,single,0.77,0.85,0.85,0.05,Energetic / Party,https://open.spotify.com/track/iPT9zye51MXr8kcdxSxYgh,https://via.placeholder.com/150
Crazy in Love,Beyonce ft. Jay-Z,2003-05-18,42,133678,single,0.69,0.83,0.8,0.09,Energetic / Party,https://open.spotify.com/track/pe3Xj7Gt2h2HSFwKRc5gJ1,https://via.placeholder.com/150
Yeah!,Usher ft. Lil Jon & Ludacris,2004-01-27,54,126991,single,0.69,0.98,0.8,0.07,Energetic / Party,https://open.spotify.com/track/aDZgXPYFXOBU7G1tpVyJIC,https://via.placeholder.com/150
Livin' la Vida Loca,Ricky Martin,1999-04-20,70,237598,single,0.64,0.96,0.91,0.03,Energetic / Party,https://open.spotify.com/track/nA5FBQN1Jj8umhbHxSPTHD,https://via.placeholder.com/150
On the Floor,Jennifer Lopez ft. Pitbull,2011-01-21,73,276431,single,0.63,0.92,0.89,0.02,Energetic / Party,https://open.spotify.com/track/iBogkPtJSbAnWPkaLqqFhX,https://via.placeholder.com/150
Dynamite,BTS,2020-08-21,80,125330,single,0.57,0.9,0.87,0.15,Energetic / Party,https://open.spotify.com/track/Y3eCoYXQvBWyEWPuqoGxlv,https://via.placeholder.com/150
Break Stuff,Limp Bizkit,2000-11-06,92,165898,single,0.23,0.81,0.37,0.06,Intense / Angsty,https://open.spotify.com/track/1xrdseoLzIEtx8dCSMCyM4,https://via.placeholder.com/150
Killing in the Name,Rage Against the Machine,1992-11-03,79,244098,single,0.04,0.98,0.43,0.15,Intense / Angsty,https://open.spotify.com/track/QCwpMSW3xD3pVRHzXb4Zvc,https://via.placeholder.com/150
Duality,Slipknot,2004-07-19,73,216297,single,0.27,0.86,0.59,0.08,Intense / Angsty,https://open.spotify.com/track/7zhRzFubFbm0LiSUGFUqST,https://via.placeholder.com/150
Bodies,Drowning Pool,2001-08-01,67,131103,single,0.15,0.93,0.31,0.07,Intense / Angsty,https://open.spotify.com/track/u36WnbRoy8DEqoZXgzvrK8,https://via.placeholder.com/150
Given Up,Linkin Park,2008-02-04,26,137624,album,0.04,0.96,0.49,0.07,Intense / Angsty,https://open.spotify.com/track/PxpXXY8kCmJrc8XXcwEkIh,https://via.placeholder.com/150
Numb,Linkin Park,2003-03-25,13,312852,single,0.13,0.85,0.35,0.14,Intense / Angsty,https://open.spotify.com/track/LfhY6jHQxQtcNnSs6fMHI2,https://via.placeholder.com/150
Chop Suey!,System of a Down,2001-08-28,50,295070,single,0.05,0.82,0.5,0.15,Intense / Angsty,https://open.spotify.com/track/WtEjiS5T2Ktt7soLyXgOHM,https://via.placeholder.com/150
B.Y.O.B.,System of a Down,2005-06-13,83,216707,single,0.24,0.83,0.42,0.06,Intense / Angsty,https://open.spotify.com/track/dzjIn4FETZtuehaxa0kEIU,https://via.placeholder.com/150
Bulls on Parade,Rage Against the Machine,1996-08-20,80,287718,single,0.2,0.87,0.49,0.06,Intense / Angsty,https://open.spotify.com/track/lLx9Ibg63D1HhJTKKU7tOW,https://via.placeholder.com/150
You're Going Down,Sick Puppies,2009-06-16,35,286476,single,0.29,0.89,0.35,0.02,Intense / Angsty,https://open.spotify.com/track/9jRIoTniFgpKl8lJKqnu5m,https://via.placeholder.com/150
The Beautiful People,Marilyn Manson,1996-11-01,20,131917,single,0.12,0.97,0.26,0.13,Intense / Angsty,https://open.spotify.com/track/8pxkQpNxkanoBf4oiSp9Te,https://via.placeholder.com/150
Du Hast,Rammstein,1997-08-25,17,161439,single,0.1,0.95,0.39,0.07,Intense / Angsty,https://open.spotify.com/track/caedNVmJU3tUu3WZIwXgjG,https://via.placeholder.com/150
Down with the Sickness,Disturbed,2000-08-08,22,133265,single,0.12,0.88,0.34,0.04,Intense / Angsty,https://open.spotify.com/track/S8Y3naP935K0U7kuUMwKfg,https://via.placeholder.com/150
Master of Puppets,Metallica,1986-03-03,60,252499,album,0.16,0.96,0.42,0.02,Intense / Angsty,https://open.spotify.com/track/d9PNlWDDSfm41preSiA2Gb,https://via.placeholder.com/150
Enter Sandman,Metallica,1991-07-29,15,225010,single,0.07,0.84,0.38,0.07,Intense / Angsty,https://open.spotify.com/track/DkjMXjSEYgcwjR0nrnHIGZ,https://via.placeholder.com/150
Before I Forget,Slipknot,2004-09-13,28,172181,single,0.13,0.99,0.45,0.06,Intense / Angsty,https://open.spotify.com/track/mgZgCCCItVzehdJm5gIU7n,https://via.placeholder.com/150
Smells Like Teen Spirit,Nirvana,1991-09-10,85,208178,single,0.12,0.86,0.47,0.13,Intense / Angsty,https://open.spotify.com/track/g1giftkTe0BXVrHalTy5u3,https://via.placeholder.com/150
Basket Case,Green Day,1994-10-04,84,271423,single,0.22,0.79,0.42,0.15,Intense / Angsty,https://open.spotify.com/track/OuDleKhounx1YJ0rPCk8sH,https://via.placeholder.com/150
American Idiot,Green Day,2004-09-14,36,227577,single,0.08,0.87,0.4,0.07,Intense / Angsty,https://open.spotify.com/track/gxn6e32vuDtIhNjUqehYU9,https://via.placeholder.com/150
Freak on a Leash,Korn,1999-10-12,92,301747,single,0.08,0.97,0.37,0.06,Intense / Angsty,https://open.spotify.com/track/QneM9PRjTO8TxStNstfUeW,https://via.placeholder.com/150
Prayer of the Refugee,Rise Against,2006-09-19,83,297372,single,0.18,0.98,0.5,0.05,Intense / Angsty,https://open.spotify.com/track/iY5Z0W9xzJSCS9tFW7cpQv,https://via.placeholder.com/150
Someone Like You,Adele,2011-01-24,44,155985,single,0.15,0.14,0.23,0.8,Melancholic / Heartbroken,https://open.spotify.com/track/GnvlPPDq5hOoODGaVteGrx,https://via.placeholder.com/150
Nothing Compares 2 U,Sinead O'Connor,1990-01-08,93,244701,single,0.07,0.39,0.37,0.26,Melancholic / Heartbroken,https://open.spotify.com/track/epMw9SUSpD6xFpkOivu27C,https://via.placeholder.com/150
Hurt,Nine Inch Nails,1995-02-01,14,224069,album,0.27,0.14,0.34,0.27,Melancholic / Heartbroken,https://open.spotify.com/track/yfL7v937S4CATkmG7VSdpi,https://via.placeholder.com/150
Jealous,Labrinth,2014-08-31,44,170544,single,0.17,0.36,0.09,0.5,Melancholic / Heartbroken,https://open.spotify.com/track/zHVKudpQtLAvVySkrwMLn2,https://via.placeholder.com/150
Say Something,A Great Big World ft. Christina Aguilera,2013-11-05,61,295441,single,0.2,0.21,0.19,0.38,Melancholic / Heartbroken,https://open.spotify.com/track/GLIeU7PAQYPcwR9VTlukAQ,https://via.placeholder.com/150
All I Want,Kodaline,2013-01-01,49,161868,single,0.2,0.3,0.07,0.23,Melancholic / Heartbroken,https://open.spotify.com/track/Zrg754txTsHo68SXnOO9Ie,https://via.placeholder.com/150
Liability,Lorde,2017-03-02,80,243424,single,0.07,0.32,0.25,0.44,Melancholic / Heartbroken,https://open.spotify.com/track/wizq0NwPrwm3yFhchtXE6k,https://via.placeholder.com/150
The Scientist,Coldplay,2002-11-11,78,159282,single,0.06,0.35,0.35,0.29,Melancholic / Heartbroken,https://open.spotify.com/track/KU2hcHrNtlfF5gczDdIgad,https://via.placeholder.com/150
Black,Pearl Jam,1991-08-27,12,223795,album,0.18,0.26,0.27,0.37,Melancholic / Heartbroken,https://open.spotify.com/track/Q0AvNlECbWsEiD75E7eCSa,https://via.placeholder.com/150
Creep,Radiohead,1992-09-21,63,218162,single,0.08,0.12,0.26,0.66,Melancholic / Heartbroken,https://open.spotify.com/track/5Yc366YYFr9q3iIp3WHLiZ,https://via.placeholder.com/150
Back to Black,Amy Winehouse,2006-10-30,12,198214,single,0.17,0.31,0.12,0.15,Melancholic / Heartbroken,https://open.spotify.com/track/druibiY0OPdWJRM74uwHCz,https://via.placeholder.com/150
I Will Always Love You,Whitney Houston,1992-11-03,40,174023,single,0.2,0.28,0.36,0.77,Melancholic / Heartbroken,https://open.spotify.com/track/EGmCcmrt3DPvCZcOiNw3xD,https://via.placeholder.com/150
Total Eclipse of the Heart,Bonnie Tyler,1983-02-28,83,203598,single,0.07,0.4,0.13,0.79,Melancholic / Heartbroken,https://open.spotify.com/track/kmxr0UPT4JqhOaTRDj8l4v,https://via.placeholder.com/150
When the Party's Over,Billie Eilish,2018-11-01,54,288641,single,0.27,0.28,0.19,0.5,Melancholic / Heartbroken,https://open.spotify.com/track/qYyhUsaaJTYLwieP2OT2tJ,https://via.placeholder.com/150
Lovely,Billie Eilish & Khalid,2018-04-19,81,258934,single,0.24,0.37,0.24,0.83,Melancholic / Heartbroken,https://open.spotify.com/track/IYPQNVpF7c2XFiu1MDRYrm,https://via.placeholder.com/150
Let Her Go,Passenger,2012-08-31,95,266499,single,0.19,0.36,0.11,0.68,Melancholic / Heartbroken,https://open.spotify.com/track/NeN36VT96AN7M9vHvwe6Ps,https://via.placeholder.com/150
Chasing Cars,Snow Patrol,2006-05-08,46,219788,single,0.19,0.15,0.35,0.54,Melancholic / Heartbroken,https://open.spotify.com/track/dipWTQXg4fdGzuew1U6NXU,https://via.placeholder.com/150
Bleeding Love,Leona Lewis,2007-10-01,43,265047,single,0.14,0.26,0.12,0.25,Melancholic / Heartbroken,https://open.spotify.com/track/7lluaSJMVOYk1Pfjp8rVQw,https://via.placeholder.com/150
Stay,Rihanna ft. Mikky Ekko,2013-01-15,31,312091,single,0.24,0.39,0.26,0.49,Melancholic / Heartbroken,https://open.spotify.com/track/yWKIuifL64ip9DhC12E80q,https://via.placeholder.com/150
How to Save a Life,The Fray,2005-09-13,18,305380,single,0.04,0.08,0.1,0.59,Melancholic / Heartbroken,https://open.spotify.com/track/JANgdXDnoq7n6eqfBAijaA,https://via.placeholder.com/150
Someone You Loved,Lewis Capaldi,2018-11-08,74,302939,single,0.03,0.31,0.23,0.35,Melancholic / Heartbroken,https://open.spotify.com/track/rbz86LG6GhJPMnhQ0WRyZF,https://via.placeholder.com/150
Oh Happy Day,Edwin Hawkins Singers,1969-01-01,38,198636,single,0.46,0.27,0.38,0.95,Soulful / Devotional,https://open.spotify.com/track/r02Fp2pwCFZYYjeDoAsKFf,https://via.placeholder.com/150
Amazing Grace,Traditional,1970-01-01,22,258453,single,0.6,0.34,0.31,0.94,Soulful / Devotional,https://open.spotify.com/track/6CON53s4keRC7Er7R5ikqC,https://via.placeholder.com/150
A Change Is Gonna Come,Sam Cooke,1964-12-22,28,317198,single,0.4,0.41,0.21,0.63,Soulful / Devotional,https://open.spotify.com/track/0t0Z7ETKkPk12Yr5iVYwvI,https://via.placeholder.com/150
Bridge Over Troubled Water,Simon & Garfunkel,1970-01-26,54,134076,single,0.59,0.36,0.23,0.85,Soulful / Devotional,https://open.spotify.com/track/GbO1EVmxn9mZxUBoRycfOW,https://via.placeholder.com/150
What's Going On,Marvin Gaye,1971-01-20,58,142464,single,0.52,0.26,0.26,0.78,Soulful / Devotional,https://open.spotify.com/track/xnSzPtEFRJYtyoJvYUXGFA,https://via.placeholder.com/150
I Say a Little Prayer,Aretha Franklin,1968-06-10,21,169123,single,0.63,0.28,0.44,0.59,Soulful / Devotional,https://open.spotify.com/track/bcjjgaGBFWjFmmyU3YASaY,https://via.placeholder.com/150
Ain't No Mountain High Enough,Marvin Gaye & Tammi Terrell,1967-10-19,41,269935,single,0.58,0.37,0.38,0.95,Soulful / Devotional,https://open.spotify.com/track/hKrYKIRTRfJEKbRaTeyEXQ,https://via.placeholder.com/150
Lean on Me,Bill Withers,1972-04-11,68,148042,single,0.63,0.37,0.36,0.8,Soulful / Devotional,https://open.spotify.com/track/ITA8ZV1nYz3VcVb003pmIT,https://via.placeholder.com/150
Stand by Me,Ben E. King,1961-04-24,60,203660,single,0.45,0.43,0.26,0.68,Soulful / Devotional,https://open.spotify.com/track/Svsof9kyPUYR0yZXH7kMli,https://via.placeholder.com/150
Redemption Song,Bob Marley & The Wailers,1980-10-03,36,234938,album,0.4,0.38,0.21,0.84,Soulful / Devotional,https://open.spotify.com/track/zS1sE02yyarfIoTPQqJtby,https://via.placeholder.com/150
You've Got a Friend,Carole King,1971-06-01,78,252805,album,0.46,0.28,0.39,0.78,Soulful / Devotional,https://open.spotify.com/track/763saiCy9Xs5zimo6FGxPq,https://via.placeholder.com/150
Higher Love,Steve Winwood,1986-07-01,92,297595,single,0.55,0.2,0.4,0.78,Soulful / Devotional,https://open.spotify.com/track/pZ9wV9ybGAGQOgvhjlskOc,https://via.placeholder.com/150
Georgia on My Mind,Ray Charles,1960-09-01,29,210431,single,0.46,0.29,0.42,0.83,Soulful / Devotional,https://open.spotify.com/track/BeGSa69FH18uJWTVdyNheW,https://via.placeholder.com/150
People Get Ready,The Impressions,1965-02-01,48,131713,single,0.49,0.28,0.42,0.68,Soulful / Devotional,https://open.spotify.com/track/ztHB2VpGrzK7vPhLjKVjb9,https://via.placeholder.com/150
Wade in the Water,Traditional,1965-01-01,94,233281,single,0.49,0.39,0.4,0.62,Soulful / Devotional,https://open.spotify.com/track/ZBvn4MclbYAtNNRwtzyEkG,https://via.placeholder.com/150
Nessun Dorma,Luciano Pavarotti,1972-01-01,24,188774,single,0.59,0.31,0.32,0.63,Soulful / Devotional,https://open.spotify.com/track/q3fh9oUmYnZlHWW2dnL0rt,https://via.placeholder.com/150
Ave Maria,Andrea Bocelli,1997-01-01,50,150896,album,0.59,0.43,0.39,0.82,Soulful / Devotional,https://open.spotify.com/track/PTHLXsJgYamIkYbLfois6p,https://via.placeholder.com/150
Allah Hoo,Nusrat Fateh Ali Khan,1990-01-01,33,202465,single,0.63,0.2,0.25,0.67,Soulful / Devotional,https://open.spotify.com/track/1cnD3W8AfIM0Y9jgpfarfa,https://via.placeholder.com/150
O-o-h Child,The Five Stairsteps,1970-01-01,38,196569,single,0.56,0.28,0.25,0.78,Soulful / Devotional,https://open.spotify.com/track/CROiSKxdkvxxfjgHkHRxi0,https://via.placeholder.com/150
Try a Little Tenderness,Otis Redding,1966-11-11,66,263223,single,0.65,0.31,0.44,0.85,Soulful / Devotional,https://open.spotify.com/track/NbGv1pwPT3CcQW30Fc3Hxz,https://via.placeholder.com/150
Let It Be,The Beatles,1970-03-06,88,285877,single,0.42,0.39,0.39,0.69,Soulful / Devotional,https://open.spotify.com/track/bKnIyN0NzDkWiRmiKUtSSk,https://via.placeholder.com/150
Respect,Aretha Franklin,1967-04-29,22,155543,single,0.43,0.41,0.52,0.82,Soulful / Devotional,https://open.spotify.com/track/9wya6DR3pIs3IPJtU1Pw1r,https://via.placeholder.com/150
